refinebio_accession_code	experiment_accession	refinebio_age	refinebio_cell_line	refinebio_compound	refinebio_developmental_stage	refinebio_disease	refinebio_disease_stage	refinebio_genetic_information	refinebio_organism	refinebio_platform	refinebio_processed	refinebio_processor_id	refinebio_processor_name	refinebio_processor_version	refinebio_race	refinebio_sex	refinebio_source_archive_url	refinebio_source_database	refinebio_specimen_part	refinebio_subject	refinebio_time	refinebio_title	refinebio_treatment
SRR3129836	SRP068976								HOMO_SAPIENS	Illumina Genome Analyzer (IlluminaGenomeAnalyzer)	True	204	Tximport	v1.13.8-hotfix				SRA				Patient 1 Normal	
SRR3129837	SRP068976								HOMO_SAPIENS	Illumina Genome Analyzer (IlluminaGenomeAnalyzer)	True	204	Tximport	v1.13.8-hotfix				SRA				Patient 2 Normal	
SRR3129838	SRP068976								HOMO_SAPIENS	Illumina Genome Analyzer (IlluminaGenomeAnalyzer)	True	204	Tximport	v1.13.8-hotfix				SRA				Patient 3 Normal	
SRR3129839	SRP068976								HOMO_SAPIENS	Illumina Genome Analyzer (IlluminaGenomeAnalyzer)	True	204	Tximport	v1.13.8-hotfix				SRA				Patient 4 Normal	
SRR3129840	SRP068976								HOMO_SAPIENS	Illumina Genome Analyzer (IlluminaGenomeAnalyzer)	True	204	Tximport	v1.13.8-hotfix				SRA				Patient 5 Normal	
SRR3129841	SRP068976								HOMO_SAPIENS	Illumina Genome Analyzer (IlluminaGenomeAnalyzer)	True	204	Tximport	v1.13.8-hotfix				SRA				Patient 6 Normal	
SRR3129842	SRP068976								HOMO_SAPIENS	Illumina Genome Analyzer (IlluminaGenomeAnalyzer)	True	204	Tximport	v1.13.8-hotfix				SRA				Patient 7 Normal	
SRR3129843	SRP068976								HOMO_SAPIENS	Illumina Genome Analyzer (IlluminaGenomeAnalyzer)	True	204	Tximport	v1.13.8-hotfix				SRA				Patient 10 Normal	
SRR3129844	SRP068976								HOMO_SAPIENS	Illumina Genome Analyzer (IlluminaGenomeAnalyzer)	True	204	Tximport	v1.13.8-hotfix				SRA				Patient 8 Normal	
SRR3129845	SRP068976								HOMO_SAPIENS	Illumina Genome Analyzer (IlluminaGenomeAnalyzer)	True	204	Tximport	v1.13.8-hotfix				SRA				Patient 9 Normal	
SRR3129846	SRP068976								HOMO_SAPIENS	Illumina Genome Analyzer (IlluminaGenomeAnalyzer)	True	204	Tximport	v1.13.8-hotfix				SRA				Patient 11 Normal	
SRR3129847	SRP068976								HOMO_SAPIENS	Illumina Genome Analyzer (IlluminaGenomeAnalyzer)	True	204	Tximport	v1.13.8-hotfix				SRA				Patient 12 Normal	
SRR3129848	SRP068976								HOMO_SAPIENS	Illumina Genome Analyzer (IlluminaGenomeAnalyzer)	True	204	Tximport	v1.13.8-hotfix				SRA				Patient 14 Normal	
SRR3129849	SRP068976								HOMO_SAPIENS	Illumina Genome Analyzer (IlluminaGenomeAnalyzer)	True	204	Tximport	v1.13.8-hotfix				SRA				Patient 13 Normal	
SRR3129850	SRP068976								HOMO_SAPIENS	Illumina Genome Analyzer (IlluminaGenomeAnalyzer)	True	204	Tximport	v1.13.8-hotfix				SRA				Patient 15 Normal	
SRR3129851	SRP068976								HOMO_SAPIENS	Illumina Genome Analyzer (IlluminaGenomeAnalyzer)	True	204	Tximport	v1.13.8-hotfix				SRA				Patient 16 Normal	
SRR3129852	SRP068976								HOMO_SAPIENS	Illumina Genome Analyzer (IlluminaGenomeAnalyzer)	True	204	Tximport	v1.13.8-hotfix				SRA				Patient 17 Normal	
SRR3129853	SRP068976								HOMO_SAPIENS	Illumina Genome Analyzer (IlluminaGenomeAnalyzer)	True	204	Tximport	v1.13.8-hotfix				SRA				Patient 18 Normal	
SRR3129854	SRP068976								HOMO_SAPIENS	Illumina Genome Analyzer (IlluminaGenomeAnalyzer)	True	204	Tximport	v1.13.8-hotfix				SRA				Patient 19 Normal	
SRR3129855	SRP068976								HOMO_SAPIENS	Illumina Genome Analyzer (IlluminaGenomeAnalyzer)	True	204	Tximport	v1.13.8-hotfix				SRA				Patient 20 Normal	
SRR3129856	SRP068976								HOMO_SAPIENS	Illumina Genome Analyzer (IlluminaGenomeAnalyzer)	True	204	Tximport	v1.13.8-hotfix				SRA				Patient 21 Normal	
SRR3129857	SRP068976								HOMO_SAPIENS	Illumina Genome Analyzer (IlluminaGenomeAnalyzer)	True	204	Tximport	v1.13.8-hotfix				SRA				Patient 22 Normal	
SRR3129858	SRP068976								HOMO_SAPIENS	Illumina Genome Analyzer (IlluminaGenomeAnalyzer)	True	204	Tximport	v1.13.8-hotfix				SRA				Patient 23 Normal	
SRR3129859	SRP068976								HOMO_SAPIENS	Illumina Genome Analyzer (IlluminaGenomeAnalyzer)	True	204	Tximport	v1.13.8-hotfix				SRA				Patient 24 Normal	
SRR3129860	SRP068976								HOMO_SAPIENS	Illumina Genome Analyzer (IlluminaGenomeAnalyzer)	True	204	Tximport	v1.13.8-hotfix				SRA				Patient 25 Normal	
SRR3129861	SRP068976								HOMO_SAPIENS	Illumina Genome Analyzer (IlluminaGenomeAnalyzer)	True	204	Tximport	v1.13.8-hotfix				SRA				Patient 26 Normal	
SRR3129862	SRP068976								HOMO_SAPIENS	Illumina Genome Analyzer (IlluminaGenomeAnalyzer)	True	204	Tximport	v1.13.8-hotfix				SRA				Patient 27 Normal	
SRR3129863	SRP068976								HOMO_SAPIENS	Illumina Genome Analyzer (IlluminaGenomeAnalyzer)	True	204	Tximport	v1.13.8-hotfix				SRA				Patient 28 Normal	
SRR3129864	SRP068976								HOMO_SAPIENS	Illumina Genome Analyzer (IlluminaGenomeAnalyzer)	True	204	Tximport	v1.13.8-hotfix				SRA				Patient 29 Normal	
SRR3129865	SRP068976								HOMO_SAPIENS	Illumina Genome Analyzer (IlluminaGenomeAnalyzer)	True	204	Tximport	v1.13.8-hotfix				SRA				Patient 30 Normal	
SRR3129866	SRP068976								HOMO_SAPIENS	Illumina Genome Analyzer (IlluminaGenomeAnalyzer)	True	204	Tximport	v1.13.8-hotfix				SRA				Patient 31 Normal	
SRR3129867	SRP068976								HOMO_SAPIENS	Illumina Genome Analyzer (IlluminaGenomeAnalyzer)	True	204	Tximport	v1.13.8-hotfix				SRA				Patient 32 Normal	
SRR3129868	SRP068976								HOMO_SAPIENS	Illumina Genome Analyzer (IlluminaGenomeAnalyzer)	True	204	Tximport	v1.13.8-hotfix				SRA				Patient 33 Normal	
SRR3129869	SRP068976								HOMO_SAPIENS	Illumina Genome Analyzer (IlluminaGenomeAnalyzer)	True	204	Tximport	v1.13.8-hotfix				SRA				Patient 34 Normal	
SRR3129870	SRP068976								HOMO_SAPIENS	Illumina Genome Analyzer (IlluminaGenomeAnalyzer)	True	204	Tximport	v1.13.8-hotfix				SRA				Patient 35 Normal	
SRR3129871	SRP068976								HOMO_SAPIENS	Illumina Genome Analyzer (IlluminaGenomeAnalyzer)	True	204	Tximport	v1.13.8-hotfix				SRA				Patient 36 Normal	
SRR3129872	SRP068976								HOMO_SAPIENS	Illumina Genome Analyzer (IlluminaGenomeAnalyzer)	True	204	Tximport	v1.13.8-hotfix				SRA				Patient 37 Normal	
SRR3129873	SRP068976								HOMO_SAPIENS	Illumina Genome Analyzer (IlluminaGenomeAnalyzer)	True	204	Tximport	v1.13.8-hotfix				SRA				Patient 38 Normal	
SRR3129874	SRP068976								HOMO_SAPIENS	Illumina Genome Analyzer (IlluminaGenomeAnalyzer)	True	204	Tximport	v1.13.8-hotfix				SRA				Patient 39 Normal	
SRR3129875	SRP068976								HOMO_SAPIENS	Illumina Genome Analyzer (IlluminaGenomeAnalyzer)	True	204	Tximport	v1.13.8-hotfix				SRA				Patient 40 Normal	
SRR3129876	SRP068976								HOMO_SAPIENS	Illumina Genome Analyzer (IlluminaGenomeAnalyzer)	True	204	Tximport	v1.13.8-hotfix				SRA				Patient 41 Normal	
SRR3129877	SRP068976								HOMO_SAPIENS	Illumina Genome Analyzer (IlluminaGenomeAnalyzer)	True	204	Tximport	v1.13.8-hotfix				SRA				Patient 44 Normal	
SRR3129878	SRP068976								HOMO_SAPIENS	Illumina Genome Analyzer (IlluminaGenomeAnalyzer)	True	204	Tximport	v1.13.8-hotfix				SRA				Patient 42 Normal	
SRR3129879	SRP068976								HOMO_SAPIENS	Illumina Genome Analyzer (IlluminaGenomeAnalyzer)	True	204	Tximport	v1.13.8-hotfix				SRA				Patient 43 Normal	
SRR3129880	SRP068976								HOMO_SAPIENS	Illumina Genome Analyzer (IlluminaGenomeAnalyzer)	True	204	Tximport	v1.13.8-hotfix				SRA				Patient 45 Normal	
SRR3129881	SRP068976								HOMO_SAPIENS	Illumina Genome Analyzer (IlluminaGenomeAnalyzer)	True	204	Tximport	v1.13.8-hotfix				SRA				Patient 46 Normal	
SRR3129882	SRP068976								HOMO_SAPIENS	Illumina Genome Analyzer (IlluminaGenomeAnalyzer)	True	204	Tximport	v1.13.8-hotfix				SRA				Patient 47 Normal	
SRR3129883	SRP068976								HOMO_SAPIENS	Illumina Genome Analyzer (IlluminaGenomeAnalyzer)	True	204	Tximport	v1.13.8-hotfix				SRA				Patient 48 Normal	
SRR3129885	SRP068976								HOMO_SAPIENS	Illumina Genome Analyzer (IlluminaGenomeAnalyzer)	True	204	Tximport	v1.13.8-hotfix				SRA				Patient 50 Normal	
SRR3129886	SRP068976								HOMO_SAPIENS	Illumina Genome Analyzer (IlluminaGenomeAnalyzer)	True	204	Tximport	v1.13.8-hotfix				SRA				Patient 1 Tumor	
SRR3129887	SRP068976								HOMO_SAPIENS	Illumina Genome Analyzer (IlluminaGenomeAnalyzer)	True	204	Tximport	v1.13.8-hotfix				SRA				Patient 2 Tumor	
SRR3129888	SRP068976								HOMO_SAPIENS	Illumina Genome Analyzer (IlluminaGenomeAnalyzer)	True	204	Tximport	v1.13.8-hotfix				SRA				Patient 3 Tumor	
SRR3129889	SRP068976								HOMO_SAPIENS	Illumina Genome Analyzer (IlluminaGenomeAnalyzer)	True	204	Tximport	v1.13.8-hotfix				SRA				Patient 4 Tumor	
SRR3129890	SRP068976								HOMO_SAPIENS	Illumina Genome Analyzer (IlluminaGenomeAnalyzer)	True	204	Tximport	v1.13.8-hotfix				SRA				Patient 5 Tumor	
SRR3129891	SRP068976								HOMO_SAPIENS	Illumina Genome Analyzer (IlluminaGenomeAnalyzer)	True	204	Tximport	v1.13.8-hotfix				SRA				Patient 6 Tumor	
SRR3129892	SRP068976								HOMO_SAPIENS	Illumina Genome Analyzer (IlluminaGenomeAnalyzer)	True	204	Tximport	v1.13.8-hotfix				SRA				Patient 7 Tumor	
SRR3129893	SRP068976								HOMO_SAPIENS	Illumina Genome Analyzer (IlluminaGenomeAnalyzer)	True	204	Tximport	v1.13.8-hotfix				SRA				Patient 8 Tumor	
SRR3129894	SRP068976								HOMO_SAPIENS	Illumina Genome Analyzer (IlluminaGenomeAnalyzer)	True	204	Tximport	v1.13.8-hotfix				SRA				Patient 9 Tumor	
SRR3129895	SRP068976								HOMO_SAPIENS	Illumina Genome Analyzer (IlluminaGenomeAnalyzer)	True	204	Tximport	v1.13.8-hotfix				SRA				Patient 10 Tumor	
SRR3129896	SRP068976								HOMO_SAPIENS	Illumina Genome Analyzer (IlluminaGenomeAnalyzer)	True	204	Tximport	v1.13.8-hotfix				SRA				Patient 21 Tumor	
SRR3129897	SRP068976								HOMO_SAPIENS	Illumina Genome Analyzer (IlluminaGenomeAnalyzer)	True	204	Tximport	v1.13.8-hotfix				SRA				Patient 11 Tumor	
SRR3129898	SRP068976								HOMO_SAPIENS	Illumina Genome Analyzer (IlluminaGenomeAnalyzer)	True	204	Tximport	v1.13.8-hotfix				SRA				Patient 12 Tumor	
SRR3129899	SRP068976								HOMO_SAPIENS	Illumina Genome Analyzer (IlluminaGenomeAnalyzer)	True	204	Tximport	v1.13.8-hotfix				SRA				Patient 13 Tumor	
SRR3129900	SRP068976								HOMO_SAPIENS	Illumina Genome Analyzer (IlluminaGenomeAnalyzer)	True	204	Tximport	v1.13.8-hotfix				SRA				Patient 14 Tumor	
SRR3129901	SRP068976								HOMO_SAPIENS	Illumina Genome Analyzer (IlluminaGenomeAnalyzer)	True	204	Tximport	v1.13.8-hotfix				SRA				Patient 15 Tumor	
SRR3129902	SRP068976								HOMO_SAPIENS	Illumina Genome Analyzer (IlluminaGenomeAnalyzer)	True	204	Tximport	v1.13.8-hotfix				SRA				Patient 16 Tumor	
SRR3129903	SRP068976								HOMO_SAPIENS	Illumina Genome Analyzer (IlluminaGenomeAnalyzer)	True	204	Tximport	v1.13.8-hotfix				SRA				Patient 17 Tumor	
SRR3129904	SRP068976								HOMO_SAPIENS	Illumina Genome Analyzer (IlluminaGenomeAnalyzer)	True	204	Tximport	v1.13.8-hotfix				SRA				Patient 18 Tumor	
SRR3129905	SRP068976								HOMO_SAPIENS	Illumina Genome Analyzer (IlluminaGenomeAnalyzer)	True	204	Tximport	v1.13.8-hotfix				SRA				Patient 19 Tumor	
SRR3129906	SRP068976								HOMO_SAPIENS	Illumina Genome Analyzer (IlluminaGenomeAnalyzer)	True	204	Tximport	v1.13.8-hotfix				SRA				Patient 20 Tumor	
SRR3129907	SRP068976								HOMO_SAPIENS	Illumina Genome Analyzer (IlluminaGenomeAnalyzer)	True	204	Tximport	v1.13.8-hotfix				SRA				Patient 22 Tumor	
SRR3129908	SRP068976								HOMO_SAPIENS	Illumina Genome Analyzer (IlluminaGenomeAnalyzer)	True	204	Tximport	v1.13.8-hotfix				SRA				Patient 24 Tumor	
SRR3129909	SRP068976								HOMO_SAPIENS	Illumina Genome Analyzer (IlluminaGenomeAnalyzer)	True	204	Tximport	v1.13.8-hotfix				SRA				Patient 23 Tumor	
SRR3129910	SRP068976								HOMO_SAPIENS	Illumina Genome Analyzer (IlluminaGenomeAnalyzer)	True	204	Tximport	v1.13.8-hotfix				SRA				Patient 25 Tumor	
SRR3129911	SRP068976								HOMO_SAPIENS	Illumina Genome Analyzer (IlluminaGenomeAnalyzer)	True	204	Tximport	v1.13.8-hotfix				SRA				Patient 28 Tumor	
SRR3129912	SRP068976								HOMO_SAPIENS	Illumina Genome Analyzer (IlluminaGenomeAnalyzer)	True	204	Tximport	v1.13.8-hotfix				SRA				Patient 26 Tumor	
SRR3129913	SRP068976								HOMO_SAPIENS	Illumina Genome Analyzer (IlluminaGenomeAnalyzer)	True	204	Tximport	v1.13.8-hotfix				SRA				Patient 27 Tumor	
SRR3129914	SRP068976								HOMO_SAPIENS	Illumina Genome Analyzer (IlluminaGenomeAnalyzer)	True	204	Tximport	v1.13.8-hotfix				SRA				Patient 29 Tumor	
SRR3129915	SRP068976								HOMO_SAPIENS	Illumina Genome Analyzer (IlluminaGenomeAnalyzer)	True	204	Tximport	v1.13.8-hotfix				SRA				Patient 30 Tumor	
SRR3129916	SRP068976								HOMO_SAPIENS	Illumina Genome Analyzer (IlluminaGenomeAnalyzer)	True	204	Tximport	v1.13.8-hotfix				SRA				Patient 31 Tumor	
SRR3129917	SRP068976								HOMO_SAPIENS	Illumina Genome Analyzer (IlluminaGenomeAnalyzer)	True	204	Tximport	v1.13.8-hotfix				SRA				Patient 32 Tumor	
SRR3129918	SRP068976								HOMO_SAPIENS	Illumina Genome Analyzer (IlluminaGenomeAnalyzer)	True	204	Tximport	v1.13.8-hotfix				SRA				Patient 33 Tumor	
SRR3129919	SRP068976								HOMO_SAPIENS	Illumina Genome Analyzer (IlluminaGenomeAnalyzer)	True	204	Tximport	v1.13.8-hotfix				SRA				Patient 34 Tumor	
SRR3129920	SRP068976								HOMO_SAPIENS	Illumina Genome Analyzer (IlluminaGenomeAnalyzer)	True	204	Tximport	v1.13.8-hotfix				SRA				Patient 35 Tumor	
SRR3129921	SRP068976								HOMO_SAPIENS	Illumina Genome Analyzer (IlluminaGenomeAnalyzer)	True	204	Tximport	v1.13.8-hotfix				SRA				Patient 38 Tumor	
SRR3129922	SRP068976								HOMO_SAPIENS	Illumina Genome Analyzer (IlluminaGenomeAnalyzer)	True	204	Tximport	v1.13.8-hotfix				SRA				Patient 36 Tumor	
SRR3129923	SRP068976								HOMO_SAPIENS	Illumina Genome Analyzer (IlluminaGenomeAnalyzer)	True	204	Tximport	v1.13.8-hotfix				SRA				Patient 37 Tumor	
SRR3129924	SRP068976								HOMO_SAPIENS	Illumina Genome Analyzer (IlluminaGenomeAnalyzer)	True	204	Tximport	v1.13.8-hotfix				SRA				Patient 39 Tumor	
SRR3129925	SRP068976								HOMO_SAPIENS	Illumina Genome Analyzer (IlluminaGenomeAnalyzer)	True	204	Tximport	v1.13.8-hotfix				SRA				Patient 40 Tumor	
SRR3129926	SRP068976								HOMO_SAPIENS	Illumina Genome Analyzer (IlluminaGenomeAnalyzer)	True	204	Tximport	v1.13.8-hotfix				SRA				Patient 46 Tumor	
SRR3129927	SRP068976								HOMO_SAPIENS	Illumina Genome Analyzer (IlluminaGenomeAnalyzer)	True	204	Tximport	v1.13.8-hotfix				SRA				Patient 41 Tumor	
SRR3129928	SRP068976								HOMO_SAPIENS	Illumina Genome Analyzer (IlluminaGenomeAnalyzer)	True	204	Tximport	v1.13.8-hotfix				SRA				Patient 42 Tumor	
SRR3129929	SRP068976								HOMO_SAPIENS	Illumina Genome Analyzer (IlluminaGenomeAnalyzer)	True	204	Tximport	v1.13.8-hotfix				SRA				Patient 43 Tumor	
SRR3129930	SRP068976								HOMO_SAPIENS	Illumina Genome Analyzer (IlluminaGenomeAnalyzer)	True	204	Tximport	v1.13.8-hotfix				SRA				Patient 44 Tumor	
SRR3129931	SRP068976								HOMO_SAPIENS	Illumina Genome Analyzer (IlluminaGenomeAnalyzer)	True	204	Tximport	v1.13.8-hotfix				SRA				Patient 45 Tumor	
SRR3129932	SRP068976								HOMO_SAPIENS	Illumina Genome Analyzer (IlluminaGenomeAnalyzer)	True	204	Tximport	v1.13.8-hotfix				SRA				Patient 47 Tumor	
SRR3129933	SRP068976								HOMO_SAPIENS	Illumina Genome Analyzer (IlluminaGenomeAnalyzer)	True	204	Tximport	v1.13.8-hotfix				SRA				Patient 48 Tumor	
SRR3129934	SRP068976								HOMO_SAPIENS	Illumina Genome Analyzer (IlluminaGenomeAnalyzer)	True	204	Tximport	v1.13.8-hotfix				SRA				Patient 49 Tumor	
SRR3129935	SRP068976								HOMO_SAPIENS	Illumina Genome Analyzer (IlluminaGenomeAnalyzer)	True	204	Tximport	v1.13.8-hotfix				SRA				Patient 50 Tumor	
SRR3182261	SRP068976								HOMO_SAPIENS	Illumina Genome Analyzer (IlluminaGenomeAnalyzer)	True	204	Tximport	v1.13.8-hotfix				SRA				Patient 49 Normal	
