sample,hclust_g5000_k2,hclust_g5000_k3,hclust_g5000_k4,hclust_g5000_k5,hclust_g5000_k6,hclust_g10_k2,hclust_g100_k2,hclust_g1000_k2,hclust_g10000_k2
SRR3129836,1,1,1,1,1,2,1,1,1
SRR3129837,1,1,1,1,1,1,1,1,1
SRR3129838,1,1,1,1,1,1,1,1,1
SRR3129839,1,1,1,1,1,1,1,1,1
SRR3129840,1,1,1,1,1,1,1,1,1
SRR3129841,1,1,1,1,1,1,1,1,1
SRR3129842,1,1,1,1,1,2,1,1,1
SRR3129843,1,1,1,1,1,1,1,1,1
SRR3129844,1,1,1,1,1,2,1,1,1
SRR3129845,1,1,1,1,1,1,1,1,1
SRR3129846,1,1,1,1,1,1,1,1,1
SRR3129847,1,1,1,1,1,1,1,1,1
SRR3129848,1,1,1,1,1,1,1,1,1
SRR3129849,1,1,1,1,1,1,1,1,1
SRR3129850,1,1,1,1,1,2,1,1,1
SRR3129851,1,1,1,1,1,1,1,1,1
SRR3129852,1,1,1,1,1,2,1,1,1
SRR3129853,1,1,1,1,1,1,1,1,1
SRR3129854,1,1,1,1,1,1,1,1,1
SRR3129855,1,1,1,1,1,1,1,1,1
SRR3129856,1,1,1,1,1,1,1,1,1
SRR3129857,1,1,1,1,1,1,1,1,1
SRR3129858,1,1,1,1,1,1,1,1,1
SRR3129859,1,1,1,1,1,1,1,1,1
SRR3129860,1,1,1,1,1,2,1,1,1
SRR3129861,1,1,1,1,1,1,1,1,1
SRR3129862,1,1,1,1,1,2,1,1,1
SRR3129863,1,1,1,1,1,1,1,1,1
SRR3129864,1,1,1,1,1,1,1,1,1
SRR3129865,1,1,1,1,1,1,1,1,1
SRR3129866,1,1,1,1,1,1,1,1,1
SRR3129867,1,1,1,1,1,1,1,1,1
SRR3129868,1,1,1,1,1,2,1,1,1
SRR3129869,1,1,1,1,1,2,1,1,1
SRR3129870,1,1,1,1,1,1,1,1,1
SRR3129871,1,1,1,1,1,1,1,1,1
SRR3129872,1,1,1,1,1,2,1,1,1
SRR3129873,1,1,1,1,1,1,1,1,1
SRR3129874,1,1,1,1,1,2,1,1,1
SRR3129875,1,1,1,1,1,2,1,1,1
SRR3129876,1,1,1,1,1,2,1,1,1
SRR3129877,1,1,1,1,1,1,1,1,1
SRR3129878,1,1,1,1,1,1,1,1,1
SRR3129879,1,1,1,1,1,2,1,1,1
SRR3129880,1,1,1,1,1,1,1,1,1
SRR3129881,1,1,1,1,1,2,1,1,1
SRR3129882,1,1,1,1,1,1,1,1,1
SRR3129883,1,1,1,1,1,1,1,1,1
SRR3129885,1,1,1,1,1,1,1,1,1
SRR3129886,2,3,3,4,4,2,2,2,2
SRR3129887,2,3,3,4,4,1,2,2,2
SRR3129888,2,2,2,2,2,1,2,2,2
SRR3129889,2,2,2,3,3,1,2,2,2
SRR3129890,2,2,2,2,2,1,2,2,2
SRR3129891,2,2,2,2,2,1,2,2,2
SRR3129892,2,2,2,2,2,2,2,2,2
SRR3129893,2,3,3,4,4,1,2,2,2
SRR3129894,2,2,2,2,2,1,2,2,2
SRR3129895,2,3,3,4,4,1,2,2,2
SRR3129896,2,2,2,3,3,1,2,2,2
SRR3129897,2,2,2,2,2,1,2,2,2
SRR3129898,2,2,2,2,2,1,2,2,2
SRR3129899,2,2,2,2,2,1,2,2,2
SRR3129900,2,3,3,4,4,1,2,2,2
SRR3129901,2,2,2,2,2,2,2,2,2
SRR3129902,2,3,3,4,4,2,2,2,2
SRR3129903,2,3,3,4,4,1,2,2,2
SRR3129904,2,2,2,3,3,1,2,2,2
SRR3129905,2,2,2,2,2,1,2,2,2
SRR3129906,2,2,2,2,2,2,2,2,2
SRR3129907,2,2,2,3,3,2,2,2,2
SRR3129908,2,2,2,3,3,1,2,2,2
SRR3129909,2,3,3,4,4,2,2,2,2
SRR3129910,2,2,2,3,3,2,2,2,2
SRR3129911,2,2,2,3,3,1,2,2,2
SRR3129912,2,2,2,3,3,2,2,2,2
SRR3129913,2,2,2,2,2,2,2,2,2
SRR3129914,2,2,2,2,2,1,2,2,2
SRR3129915,2,2,2,2,2,2,2,2,2
SRR3129916,2,3,3,4,4,1,2,2,2
SRR3129917,2,2,2,3,3,1,2,2,2
SRR3129918,2,2,2,2,2,1,2,2,2
SRR3129919,2,3,3,4,4,2,2,2,2
SRR3129920,2,2,2,2,2,1,2,2,2
SRR3129921,2,2,2,2,2,1,2,2,2
SRR3129922,2,2,4,5,5,2,2,2,2
SRR3129923,2,2,2,2,2,1,2,2,2
SRR3129924,1,1,1,1,6,1,1,1,1
SRR3129925,2,2,2,3,3,2,2,2,2
SRR3129926,2,2,2,2,2,2,2,2,2
SRR3129927,2,2,2,3,3,1,2,2,2
SRR3129928,2,2,2,2,2,1,2,2,2
SRR3129929,2,2,2,2,2,2,2,2,2
SRR3129930,2,3,3,4,4,2,2,2,2
SRR3129931,2,2,2,2,2,1,2,2,2
SRR3129932,2,2,2,3,3,2,2,2,2
SRR3129933,2,2,2,3,3,2,2,2,2
SRR3129934,2,2,2,2,2,2,2,2,2
SRR3129935,2,2,2,2,2,1,2,2,2
SRR3182261,1,1,1,1,1,1,1,1,1
