method,n_genes,k,cluster,n_samples,n_tumor,n_normal
kmeans,5000,2,1,53,3,50
kmeans,5000,2,2,47,47,0
kmeans,5000,3,1,51,1,50
kmeans,5000,3,2,36,36,0
kmeans,5000,3,3,13,13,0
kmeans,5000,4,1,51,1,50
kmeans,5000,4,2,32,32,0
kmeans,5000,4,3,9,9,0
kmeans,5000,4,4,8,8,0
kmeans,5000,5,1,51,1,50
kmeans,5000,5,2,21,21,0
kmeans,5000,5,3,16,16,0
kmeans,5000,5,4,8,8,0
kmeans,5000,5,5,4,4,0
kmeans,5000,6,1,29,1,28
kmeans,5000,6,2,23,23,0
kmeans,5000,6,3,22,0,22
kmeans,5000,6,4,11,11,0
kmeans,5000,6,5,8,8,0
kmeans,5000,6,6,7,7,0
kmeans,10,2,1,54,4,50
kmeans,10,2,2,46,46,0
kmeans,100,2,1,53,3,50
kmeans,100,2,2,47,47,0
kmeans,1000,2,1,51,1,50
kmeans,1000,2,2,49,49,0
kmeans,10000,2,1,54,4,50
kmeans,10000,2,2,46,46,0
